symbol,date,trade_id,violation_type,remarks
BATUSDT,2026-01-21,BATUSDT_00000503,structuring,"[Committee: all_three] | Rules: spoofing | AI: structuring (conf=0.92) | ML: structuring | Pattern of fragmented purchases aligns with structuring behavior, raising suspicion of attempts to avoid detection thresholds."
BATUSDT,2026-01-21,BATUSDT_00000504,structuring,[Committee: ai_only_kept] | AI: structuring (conf=0.91) | Repeated small orders with uniform characteristics support a structuring hypothesis.
BATUSDT,2026-01-21,BATUSDT_00000505,structuring,[Committee: all_three] | Rules: spoofing | AI: structuring (conf=0.9) | ML: structuring | Continuation of fragmented buying reinforces concerns of structuring activity.
BATUSDT,2026-01-21,BATUSDT_00000507,spoofing,[Committee: rules+ml] | Rules: spoofing | ML: anomaly | Trade price outside 1m bar range; deviation from bar mid exceeds 35 bps — inconsistent with bar OHLC.
BATUSDT,2026-01-21,BATUSDT_00000508,spoofing,[Committee: rules+ml] | Rules: spoofing | ML: anomaly | Trade price outside 1m bar range; deviation from bar mid exceeds 35 bps — inconsistent with bar OHLC.
BATUSDT,2026-01-21,BATUSDT_00000509,spoofing,[Committee: rules+ml] | Rules: spoofing | ML: anomaly | Trade price outside 1m bar range; deviation from bar mid exceeds 35 bps — inconsistent with bar OHLC.
BATUSDT,2026-01-28,BATUSDT_00000513,layering,[Committee: ai+ml] | AI: layering (conf=0.86) | ML: layering | Increasing micro‑order volume at successive price levels indicates potential layering activity.
BATUSDT,2026-02-09,BATUSDT_00000520,ramping,[Committee: all_three] | Rules: pump_and_dump | AI: ramping (conf=0.7) | ML: ramping | Potential ramping activity; monitor for further coordinated buys.
BATUSDT,2026-02-09,BATUSDT_00000525,ramping,[Committee: all_three] | Rules: pump_and_dump | AI: ramping (conf=0.63) | ML: ramping | Series of buys indicates ramping; monitor for market effect.
BATUSDT,2026-02-16,BATUSDT_00000526,structuring,[Committee: all_three] | Rules: spoofing | AI: structuring (conf=0.78) | ML: structuring | Flag this trade for potential structuring; monitor subsequent activity for escalation.
BATUSDT,2026-02-16,BATUSDT_00000527,structuring,[Committee: all_three] | Rules: spoofing | AI: structuring (conf=0.77) | ML: structuring | Mark as potentially structured; continue surveillance of wallet-wide trade frequency.
BTCUSDT,2026-02-05,BTCUSDT_00000007,aml_structuring,[Committee: ai+ml] | AI: aml_structuring (conf=0.85) | ML: aml_structuring | Potential structuring activity; further review of the wallet's transaction history is recommended.
BTCUSDT,2026-01-09,BTCUSDT_00000061,structuring,[Committee: ai+ml] | AI: structuring (conf=0.72) | ML: structuring | Possible structuring; further analysis required.
BTCUSDT,2026-02-16,BTCUSDT_00000275,ramping,[Committee: ai+ml] | AI: ramping (conf=0.8) | ML: ramping | Potential ramping activity; flagged for further investigation.
BTCUSDT,2026-02-03,BTCUSDT_00000560,structuring,[Committee: ai_only_kept] | AI: structuring (conf=0.88) | Flagged for possible structuring; consider AML review for potential threshold avoidance.
BTCUSDT,2026-01-05,BTCUSDT_00000603,structuring,[Committee: ai+ml] | AI: structuring (conf=0.7) | ML: structuring | Structuring pattern persists; maintain heightened monitoring.
BTCUSDT,2026-02-02,BTCUSDT_00000750,ramping,[Committee: ai_only_kept] | AI: ramping (conf=0.88) | Monitor for further directional trades that may confirm a ramping pattern.
BTCUSDT,2026-02-05,BTCUSDT_00000752,wash_trading,[Committee: ai+ml] | AI: wash_trading (conf=0.75) | ML: wash_trading | Potential wash trading; watch for circular behavior.
BTCUSDT,2026-02-08,BTCUSDT_00000850,spoofing,[Committee: ai+ml] | AI: spoofing (conf=0.82) | ML: spoofing | Potential spoofing activity; flag for further investigation.
BTCUSDT,2026-02-28,BTCUSDT_00001033,structuring,[Committee: ai+ml] | AI: structuring (conf=0.81) | ML: structuring | Large sell with unusually high normalized ratio suggests possible structuring; monitor for manipulative intent.
BTCUSDT,2026-01-31,BTCUSDT_00001052,spoofing,[Committee: ai+ml] | AI: spoofing (conf=0.83) | ML: spoofing | Potential spoofing detected; further analysis of timing and order flow recommended.
BTCUSDT,2026-02-05,BTCUSDT_00001079,aml_structuring,[Committee: ai+ml] | AI: aml_structuring (conf=0.8) | ML: aml_structuring | Raises structuring flags; further investigation of the wallet's activity is warranted.
BTCUSDT,2026-01-16,BTCUSDT_00001116,ramping,[Committee: ai+ml] | AI: ramping (conf=0.82) | ML: ramping | Potential ramping behavior identified; subject to further review.
BTCUSDT,2026-01-26,BTCUSDT_00001199,structuring,[Committee: ai+ml] | AI: structuring (conf=0.85) | ML: structuring | Small sell order aligns with structuring pattern; monitor for similar trades.
BTCUSDT,2026-02-23,BTCUSDT_00001223,layering,[Committee: ai+ml] | AI: layering (conf=0.88) | ML: layering | High‑ratio order may reflect layering; additional surveillance of subsequent trades is advised.
BTCUSDT,2026-02-03,BTCUSDT_00001370,structuring,[Committee: ai+ml] | AI: structuring (conf=0.85) | ML: structuring | Marked as structuring; recommend AML scrutiny for potential reporting circumvention.
BTCUSDT,2026-01-31,BTCUSDT_00001464,spoofing,[Committee: ai_only_kept] | AI: spoofing (conf=0.85) | Flag this transaction for possible spoofing; further monitoring of order book depth is recommended.
BTCUSDT,2026-02-02,BTCUSDT_00001637,ramping,[Committee: ai_only_kept] | AI: ramping (conf=0.85) | Consider further review of subsequent trades for coordinated price manipulation.
BTCUSDT,2026-02-04,BTCUSDT_00001829,structuring,[Committee: ai+ml] | AI: structuring (conf=0.88) | ML: structuring | Pattern consistent with order splitting to evade reporting; initiate detailed investigation.
BTCUSDT,2026-02-04,BTCUSDT_00002021,structuring,[Committee: ai+ml] | AI: structuring (conf=0.85) | ML: structuring | Trade shows signs of possible market manipulation; escalate review and consider additional regulatory scrutiny.
BTCUSDT,2026-01-25,BTCUSDT_00002025,structuring,[Committee: ai_only_kept] | AI: structuring (conf=0.85) | Small‑size sell order may be part of structuring; monitor for repeat fragmented trades.
BTCUSDT,2026-01-04,BTCUSDT_00002136,structuring,[Committee: ai+ml] | AI: structuring (conf=0.78) | ML: structuring | Potential structuring; consider enhanced monitoring of wallet activity.
BTCUSDT,2026-02-04,BTCUSDT_00002219,structuring,[Committee: ai+ml] | AI: structuring (conf=0.78) | ML: structuring | Potential structuring activity detected; further forensic analysis is recommended.
BTCUSDT,2026-01-31,BTCUSDT_00002448,ramping,[Committee: ai+ml] | AI: ramping (conf=0.78) | ML: ramping | Potential ramping activity; monitor price movement and subsequent trades.
BTCUSDT,2026-01-15,BTCUSDT_00002460,structuring,[Committee: ai+ml] | AI: structuring (conf=0.78) | ML: structuring | Small‑notional sell may represent structuring; further monitoring of subsequent trades advised.
BTCUSDT,2026-02-13,BTCUSDT_00002465,structuring,[Committee: ai+ml] | AI: structuring (conf=0.78) | ML: structuring | Significant sell pressure observed; subject to further scrutiny for potential structuring behavior.
BTCUSDT,2026-01-04,BTCUSDT_00002494,structuring,[Committee: ai+ml] | AI: structuring (conf=0.78) | ML: structuring | Potential structuring; monitor for further fragmentation of notional amounts.
BTCUSDT,2026-01-05,BTCUSDT_00002525,structuring,[Committee: ai+ml] | AI: structuring (conf=0.7) | ML: structuring | Structuring fragment detected; continue observation.
BTCUSDT,2026-02-09,BTCUSDT_00002526,structuring,[Committee: ai+ml] | AI: structuring (conf=0.71) | ML: structuring | Potential structuring activity requires additional review.
BTCUSDT,2026-02-06,BTCUSDT_00002787,layering,"[Committee: ai+ml] | AI: layering (conf=0.9) | ML: layering | The transaction shows signs of order structuring that could be intended to create a misleading market depth, necessitating closer scrutiny."
BTCUSDT,2026-02-03,BTCUSDT_00002867,structuring,[Committee: ai_only_kept] | AI: structuring (conf=0.87) | Marked as structuring; recommend AML review for potential reporting circumvention.
BTCUSDT,2026-01-05,BTCUSDT_00002911,structuring,[Committee: ai+ml] | AI: structuring (conf=0.7) | ML: structuring | Small‑scale structuring fragment; monitor for escalation.
BTCUSDT,2026-01-05,BTCUSDT_00003115,structuring,[Committee: ai+ml] | AI: structuring (conf=0.75) | ML: structuring | Large fragmented sell may reflect structuring; flag for compliance review.
BTCUSDT,2026-01-05,BTCUSDT_00003148,structuring,[Committee: ai+ml] | AI: structuring (conf=0.78) | ML: structuring | Potential structuring; keep surveillance active.
BTCUSDT,2026-01-05,BTCUSDT_00003351,structuring,[Committee: ai+ml] | AI: structuring (conf=0.85) | ML: structuring | Unusual pricing combined with structuring; flag for deeper analysis.
BTCUSDT,2026-01-26,BTCUSDT_00003427,structuring,[Committee: ai+ml] | AI: structuring (conf=0.8) | ML: structuring | Potential structuring activity; warrants closer inspection.
BTCUSDT,2026-01-20,BTCUSDT_00003482,spoofing,[Committee: ai+ml] | AI: spoofing (conf=0.78) | ML: spoofing | Potential spoofing activity observed; further monitoring of order book depth is recommended.
BTCUSDT,2026-02-03,BTCUSDT_00003494,structuring,[Committee: ai_only_kept] | AI: structuring (conf=0.86) | Flagged for structuring; consider AML investigation for possible threshold evasion.
BTCUSDT,2026-02-26,BTCUSDT_00003541,layering,[Committee: ai+ml] | AI: layering (conf=0.75) | ML: layering | High n_ratio and notable notional suggest possible layering; watch for coordinated price impact.
BTCUSDT,2026-02-06,BTCUSDT_00003628,wash_trading,[Committee: ai_only_kept] | AI: wash_trading (conf=0.85) | Elevated price deviation; possible manipulative intent.
BTCUSDT,2026-01-07,BTCUSDT_00003652,structuring,[Committee: ai+ml] | AI: structuring (conf=0.74) | ML: structuring | Order splitting evident; potential structuring requires further analysis.
BTCUSDT,2026-02-06,BTCUSDT_00003681,wash_trading,[Committee: ai+ml] | AI: wash_trading (conf=0.9) | ML: wash_trading | Likely manipulative sell; flag for wash trading.
BTCUSDT,2026-02-07,BTCUSDT_00003894,spoofing,"[Committee: ai_only_kept] | AI: spoofing (conf=0.95) | This transaction exhibits strong indicators of spoofing, warranting immediate review."
BTCUSDT,2026-01-21,BTCUSDT_00003984,ramping,[Committee: ai+ml] | AI: ramping (conf=0.85) | ML: ramping | Strong indication of ramping; escalate investigation for potential market manipulation.
BTCUSDT,2026-02-03,BTCUSDT_00004049,ramping,[Committee: ai+ml] | AI: ramping (conf=0.95) | ML: ramping | Flag for immediate supervisory review due to potential market manipulation.
BTCUSDT,2026-02-07,BTCUSDT_00004125,layering,[Committee: ai+ml] | AI: layering (conf=0.85) | ML: layering | The pattern suggests possible layering activity that could be used to manipulate market perception.
BTCUSDT,2026-02-05,BTCUSDT_00004343,wash_trading,[Committee: ai+ml] | AI: wash_trading (conf=0.8) | ML: wash_trading | Suspicious coordinated buying; consider wash trading.
BTCUSDT,2026-02-05,BTCUSDT_00004608,wash_trading,[Committee: ai+ml] | AI: wash_trading (conf=0.8) | ML: wash_trading | Potential wash trading activity detected; further monitoring recommended.
BTCUSDT,2026-01-15,BTCUSDT_00004649,ramping,[Committee: ai+ml] | AI: ramping (conf=0.78) | ML: ramping | Potential ramping activity warrants closer monitoring for market manipulation.
BTCUSDT,2026-02-12,BTCUSDT_00004671,aml_structuring,[Committee: ai+ml] | AI: aml_structuring (conf=0.82) | ML: aml_structuring | Large sell execution may require further review for potential structuring or AML concerns.
BTCUSDT,2026-01-28,BTCUSDT_00004960,layering,[Committee: ai+ml] | AI: layering (conf=0.88) | ML: layering | Flag for potential layering; consider deeper order book analysis.
BTCUSDT,2026-01-08,BTCUSDT_00005001,structuring,[Committee: all_three] | Rules: spoofing | AI: structuring (conf=0.85) | ML: structuring | Potential structuring; monitor for offsetting sells or coordinated price impact.
BTCUSDT,2026-01-08,BTCUSDT_00005002,structuring,"[Committee: all_three] | Rules: spoofing | AI: structuring (conf=0.85) | ML: structuring | Possible structuring behavior; watch for repetitive low‑volume, high‑spread trades."
BTCUSDT,2026-01-15,BTCUSDT_00005003,ramping,[Committee: all_three] | Rules: spoofing | AI: ramping (conf=0.8) | ML: ramping | Series of small buys at rising prices indicative of potential ramping; flag for further observation.
BTCUSDT,2026-01-15,BTCUSDT_00005004,ramping,[Committee: ai+ml] | AI: ramping (conf=0.8) | ML: ramping | Incremental buy supporting upward price pressure; monitor for continuation of ramping pattern.
BTCUSDT,2026-01-15,BTCUSDT_00005005,ramping,"[Committee: ai+ml] | AI: ramping (conf=0.8) | ML: ramping | Continued small buy at higher price; consistent with ramping, keep under review."
BTCUSDT,2026-01-15,BTCUSDT_00005006,ramping,[Committee: ai+ml] | AI: ramping (conf=0.8) | ML: ramping | Final incremental buy extending upward pressure; ramping pattern emerging.
BTCUSDT,2026-01-22,BTCUSDT_00005010,aml_structuring,[Committee: ai+ml] | AI: aml_structuring (conf=0.8) | ML: aml_structuring | Indicators point to possible structuring; escalation for further review is advised.
BTCUSDT,2026-01-22,BTCUSDT_00005011,aml_structuring,[Committee: ai+ml] | AI: aml_structuring (conf=0.79) | ML: aml_structuring | Suspicious structuring pattern detected; additional scrutiny required.
BTCUSDT,2026-01-22,BTCUSDT_00005014,aml_structuring,[Committee: all_three] | Rules: spoofing | AI: aml_structuring (conf=0.81) | ML: aml_structuring | Potential structuring activity; escalation for deeper analysis is warranted.
BTCUSDT,2026-01-29,BTCUSDT_00005016,structuring,[Committee: ai+ml] | AI: structuring (conf=0.78) | ML: structuring | Potential structuring activity; monitor for further coordinated small orders.
BTCUSDT,2026-01-29,BTCUSDT_00005017,structuring,[Committee: ai+ml] | AI: structuring (conf=0.77) | ML: structuring | Possible structuring; further observation needed.
BTCUSDT,2026-01-29,BTCUSDT_00005018,structuring,[Committee: ai+ml] | AI: structuring (conf=0.77) | ML: structuring | Indicates structuring; keep under review.
BTCUSDT,2026-01-29,BTCUSDT_00005019,structuring,[Committee: ai+ml] | AI: structuring (conf=0.78) | ML: structuring | Structuring pattern observed; monitor subsequent trades.
BTCUSDT,2026-01-29,BTCUSDT_00005022,structuring,[Committee: ai+ml] | AI: structuring (conf=0.77) | ML: structuring | Structuring activity detected; maintain surveillance.
BTCUSDT,2026-02-05,BTCUSDT_00005026,structuring,[Committee: all_three] | Rules: spoofing | AI: structuring (conf=0.75) | ML: structuring | Potential structuring observed; further monitoring of subsequent trades is recommended.
BTCUSDT,2026-02-05,BTCUSDT_00005027,structuring,[Committee: all_three] | Rules: spoofing | AI: structuring (conf=0.75) | ML: structuring | Potential structuring observed; further monitoring of subsequent trades is recommended.
BTCUSDT,2026-02-05,BTCUSDT_00005028,structuring,[Committee: all_three] | Rules: spoofing | AI: structuring (conf=0.75) | ML: structuring | Potential structuring observed; further monitoring of subsequent trades is recommended.
BTCUSDT,2026-02-05,BTCUSDT_00005030,structuring,[Committee: all_three] | Rules: spoofing | AI: structuring (conf=0.75) | ML: structuring | Potential structuring observed; further monitoring of subsequent trades is recommended.
BTCUSDT,2026-02-05,BTCUSDT_00005031,structuring,[Committee: all_three] | Rules: spoofing | AI: structuring (conf=0.75) | ML: structuring | Potential structuring observed; further monitoring of subsequent trades is recommended.
BTCUSDT,2026-02-05,BTCUSDT_00005032,structuring,[Committee: all_three] | Rules: spoofing | AI: structuring (conf=0.75) | ML: structuring | Potential structuring observed; further monitoring of subsequent trades is recommended.
BTCUSDT,2026-02-05,BTCUSDT_00005033,spoofing,[Committee: rules+ml] | Rules: spoofing | ML: anomaly | Trade price outside 1m bar range; deviation from bar mid exceeds 35 bps — inconsistent with bar OHLC.
BTCUSDT,2026-02-05,BTCUSDT_00005034,spoofing,[Committee: rules+ml] | Rules: spoofing | ML: anomaly | Trade price outside 1m bar range; deviation from bar mid exceeds 35 bps — inconsistent with bar OHLC.
BTCUSDT,2026-02-05,BTCUSDT_00005035,spoofing,[Committee: rules+ml] | Rules: spoofing | ML: anomaly | Trade price outside 1m bar range; deviation from bar mid exceeds 35 bps — inconsistent with bar OHLC.
BTCUSDT,2026-02-05,BTCUSDT_00005036,spoofing,[Committee: rules+ml] | Rules: spoofing | ML: anomaly | Trade price outside 1m bar range; deviation from bar mid exceeds 35 bps — inconsistent with bar OHLC.
BTCUSDT,2026-02-05,BTCUSDT_00005037,spoofing,[Committee: rules+ml] | Rules: spoofing | ML: anomaly | Trade price outside 1m bar range; deviation from bar mid exceeds 35 bps — inconsistent with bar OHLC.
BTCUSDT,2026-02-12,BTCUSDT_00005038,spoofing,[Committee: rules+ml] | Rules: spoofing | ML: anomaly | Trade price outside 1m bar range; deviation from bar mid exceeds 35 bps — inconsistent with bar OHLC.
BTCUSDT,2026-02-12,BTCUSDT_00005039,spoofing,[Committee: rules+ml] | Rules: spoofing | ML: anomaly | Trade price outside 1m bar range; deviation from bar mid exceeds 35 bps — inconsistent with bar OHLC.
BTCUSDT,2026-02-12,BTCUSDT_00005040,spoofing,[Committee: rules+ml] | Rules: spoofing | ML: anomaly | Trade price outside 1m bar range; deviation from bar mid exceeds 35 bps — inconsistent with bar OHLC.
BTCUSDT,2026-02-12,BTCUSDT_00005041,spoofing,[Committee: rules+ml] | Rules: spoofing | ML: anomaly | Trade price outside 1m bar range; deviation from bar mid exceeds 35 bps — inconsistent with bar OHLC.
BTCUSDT,2026-02-12,BTCUSDT_00005042,spoofing,[Committee: rules+ml] | Rules: spoofing | ML: anomaly | Trade price outside 1m bar range; deviation from bar mid exceeds 35 bps — inconsistent with bar OHLC.
BTCUSDT,2026-02-12,BTCUSDT_00005043,spoofing,[Committee: rules+ml] | Rules: spoofing | ML: anomaly | Trade price outside 1m bar range; deviation from bar mid exceeds 35 bps — inconsistent with bar OHLC.
BTCUSDT,2026-02-12,BTCUSDT_00005044,spoofing,[Committee: rules+ml] | Rules: spoofing | ML: anomaly | Trade price outside 1m bar range; deviation from bar mid exceeds 35 bps — inconsistent with bar OHLC.
BTCUSDT,2026-02-19,BTCUSDT_00005045,spoofing,[Committee: rules_only_kept] | Rules: spoofing | Trade price outside 1m bar range; deviation from bar mid exceeds 35 bps — inconsistent with bar OHLC.
DOGEUSDT,2026-01-11,DOGEUSDT_00002001,spoofing,[Committee: rules+ml] | Rules: spoofing | ML: anomaly | Trade price outside 1m bar range; deviation from bar mid exceeds 35 bps — inconsistent with bar OHLC.
DOGEUSDT,2026-02-07,DOGEUSDT_00002014,ramping,[Committee: ai+ml] | AI: ramping (conf=0.85) | ML: ramping | Potential ramping activity; monitor for further accumulative buys at similar price levels.
DOGEUSDT,2026-02-07,DOGEUSDT_00002015,ramping,[Committee: ai+ml] | AI: ramping (conf=0.8) | ML: ramping | Indicates possible ramping; consider reviewing subsequent trades for continuation of the pattern.
DOGEUSDT,2026-02-07,DOGEUSDT_00002016,ramping,[Committee: ai+ml] | AI: ramping (conf=0.78) | ML: ramping | Continued ramping behavior observed; further monitoring recommended.
DOGEUSDT,2026-02-07,DOGEUSDT_00002017,ramping,[Committee: ai+ml] | AI: ramping (conf=0.82) | ML: ramping | Significant ramping signal; escalate surveillance focus.
DOGEUSDT,2026-02-07,DOGEUSDT_00002018,ramping,[Committee: ai+ml] | AI: ramping (conf=0.75) | ML: ramping | Maintains ramping pattern; watch for further accumulative activity.
DOGEUSDT,2026-02-07,DOGEUSDT_00002019,ramping,[Committee: ai+ml] | AI: ramping (conf=0.77) | ML: ramping | Ongoing ramping activity; consider additional risk mitigation steps.
DOGEUSDT,2026-02-07,DOGEUSDT_00002020,ramping,[Committee: ai+ml] | AI: ramping (conf=0.76) | ML: ramping | Further evidence of ramping; monitor for additional large buys.
DOGEUSDT,2026-02-14,DOGEUSDT_00002021,ramping,[Committee: all_three] | Rules: spoofing | AI: ramping (conf=0.9) | ML: ramping | High‑risk ramping indication; immediate supervisory review warranted.
DOGEUSDT,2026-02-14,DOGEUSDT_00002022,spoofing,[Committee: rules+ml] | Rules: spoofing | ML: anomaly | Trade price outside 1m bar range; deviation from bar mid exceeds 35 bps — inconsistent with bar OHLC.
DOGEUSDT,2026-02-14,DOGEUSDT_00002025,wash_trading,[Committee: ai+ml] | AI: wash_trading (conf=0.92) | ML: wash_trading | Potential wash trading activity detected due to minimal notional size and anomalously low n_ratio.
DOGEUSDT,2026-02-14,DOGEUSDT_00002026,wash_trading,[Committee: ai+ml] | AI: wash_trading (conf=0.9) | ML: wash_trading | Indicates possible wash trading given tiny notional and low market engagement metrics.
DOGEUSDT,2026-02-21,DOGEUSDT_00002027,wash_trading,[Committee: ai_only_kept] | AI: wash_trading (conf=0.88) | Raises suspicion of wash trading due to extremely small notional and low market interaction.
DOGEUSDT,2026-02-21,DOGEUSDT_00002028,wash_trading,[Committee: ai_only_kept] | AI: wash_trading (conf=0.85) | Potential wash trading activity identified from minimal trade size and low market depth.
DOGEUSDT,2026-02-21,DOGEUSDT_00002029,wash_trading,[Committee: ai_only_kept] | AI: wash_trading (conf=0.85) | Shows signs of wash trading due to negligible notional and low market engagement.
DOGEUSDT,2026-02-21,DOGEUSDT_00002030,wash_trading,[Committee: ai_only_kept] | AI: wash_trading (conf=0.85) | Potential wash trading indicated by tiny notional and anomalously low market metrics.
DOGEUSDT,2026-02-21,DOGEUSDT_00002031,wash_trading,[Committee: ai_only_kept] | AI: wash_trading (conf=0.85) | Raises suspicion of wash trading given minimal size and low market interaction.
ETHUSDT,2026-01-09,ETHUSDT_00000019,spoofing,[Committee: ai+ml] | AI: spoofing (conf=0.78) | ML: spoofing | Potential spoofing detected in a sell order with unusually high mid‑bps.
ETHUSDT,2026-02-08,ETHUSDT_00000159,ramping,[Committee: ai+ml] | AI: ramping (conf=0.78) | ML: ramping | Continued buying at elevated levels warrants further scrutiny for market manipulation.
ETHUSDT,2026-01-29,ETHUSDT_00000199,structuring,[Committee: ai_only_kept] | AI: structuring (conf=0.87) | Structuring risk evident; continue to aggregate ETHUSDT sells from this wallet.
ETHUSDT,2026-02-01,ETHUSDT_00000362,aml_structuring,[Committee: ai+ml] | AI: aml_structuring (conf=0.88) | ML: aml_structuring | Potential structuring activity requiring further investigation.
ETHUSDT,2026-01-16,ETHUSDT_00000461,structuring,[Committee: ai+ml] | AI: structuring (conf=0.8) | ML: structuring | Potential structuring behavior identified; further analysis of order book depth is advised.
ETHUSDT,2026-01-28,ETHUSDT_00000494,structuring,[Committee: ai_only_kept] | AI: structuring (conf=0.89) | Potential structuring detected; keep tracking aggregate ETHUSDT sells from this source.
ETHUSDT,2026-01-31,ETHUSDT_00000500,aml_structuring,[Committee: ai_only_kept] | AI: aml_structuring (conf=0.88) | Potential structuring activity requiring further investigation.
ETHUSDT,2026-01-30,ETHUSDT_00000591,aml_structuring,[Committee: ai_only_kept] | AI: aml_structuring (conf=0.88) | Potential structuring activity requiring further investigation.
ETHUSDT,2026-02-04,ETHUSDT_00000642,structuring,[Committee: ai+ml] | AI: structuring (conf=0.75) | ML: structuring | Series of sell trades may represent structuring to disperse transaction size.
ETHUSDT,2026-02-01,ETHUSDT_00000699,aml_structuring,[Committee: ai+ml] | AI: aml_structuring (conf=0.88) | ML: aml_structuring | Potential structuring activity requiring further investigation.
ETHUSDT,2026-01-30,ETHUSDT_00000755,ramping,[Committee: ai+ml] | AI: ramping (conf=0.85) | ML: ramping | Large sell at deviated price may constitute market ramping; further surveillance required.
ETHUSDT,2026-01-05,ETHUSDT_00000778,structuring,[Committee: ai+ml] | AI: structuring (conf=0.92) | ML: structuring | Potential structuring activity detected; multiple small ETH trades by the same wallet may be used to avoid reporting thresholds.
ETHUSDT,2026-01-30,ETHUSDT_00000826,aml_structuring,[Committee: ai_only_kept] | AI: aml_structuring (conf=0.88) | Potential structuring activity requiring further investigation.
ETHUSDT,2026-01-18,ETHUSDT_00000952,aml_structuring,[Committee: ai+ml] | AI: aml_structuring (conf=0.85) | ML: aml_structuring | Potential AML structuring observed; initiate thorough transactional audit.
ETHUSDT,2026-01-29,ETHUSDT_00000971,structuring,[Committee: ai_only_kept] | AI: structuring (conf=0.87) | Potential structuring activity; continue aggregated monitoring of ETHUSDT sells.
ETHUSDT,2026-01-26,ETHUSDT_00001274,structuring,[Committee: ai_only_kept] | AI: structuring (conf=0.86) | Indicative of structuring; monitor for additional small ETHUSDT purchases.
ETHUSDT,2026-01-03,ETHUSDT_00001381,structuring,[Committee: ai+ml] | AI: structuring (conf=0.9) | ML: structuring | Escalate for potential structuring or wash trading.
ETHUSDT,2026-01-26,ETHUSDT_00001431,structuring,[Committee: ai+ml] | AI: structuring (conf=0.88) | ML: structuring | Potential structuring activity detected; continue to track aggregate notional from this wallet.
ETHUSDT,2026-02-01,ETHUSDT_00001921,aml_structuring,[Committee: ai+ml] | AI: aml_structuring (conf=0.88) | ML: aml_structuring | Potential structuring activity requiring further investigation.
ETHUSDT,2026-01-12,ETHUSDT_00001973,structuring,[Committee: ai+ml] | AI: structuring (conf=0.8) | ML: structuring | Structuring concern due to unusually high n‑ratio and large notional sell.
ETHUSDT,2026-02-09,ETHUSDT_00001977,ramping,[Committee: ai_only_kept] | AI: ramping (conf=0.85) | Potential ramping activity detected; recommend escalation for further review.
ETHUSDT,2026-01-31,ETHUSDT_00002051,aml_structuring,[Committee: ai_only_kept] | AI: aml_structuring (conf=0.88) | Potential structuring activity requiring further investigation.
ETHUSDT,2026-01-30,ETHUSDT_00002284,aml_structuring,[Committee: ai+ml] | AI: aml_structuring (conf=0.88) | ML: aml_structuring | Potential structuring activity requiring further investigation.
ETHUSDT,2026-02-01,ETHUSDT_00002442,aml_structuring,[Committee: ai_only_kept] | AI: aml_structuring (conf=0.88) | Potential structuring activity requiring further investigation.
ETHUSDT,2026-01-29,ETHUSDT_00002603,structuring,[Committee: ai+ml] | AI: structuring (conf=0.86) | ML: structuring | Structuring risk identified; monitor further ETHUSDT purchases.
ETHUSDT,2026-01-29,ETHUSDT_00003135,structuring,[Committee: ai_only_kept] | AI: structuring (conf=0.85) | Potential structuring detected; monitor further ETHUSDT sell activity.
ETHUSDT,2026-01-06,ETHUSDT_00003224,structuring,[Committee: ai_only_kept] | AI: structuring (conf=0.88) | Suspicious structuring pattern; flag for further review.
ETHUSDT,2026-01-27,ETHUSDT_00003664,structuring,[Committee: ai_only_kept] | AI: structuring (conf=0.87) | Structuring risk identified; continue surveillance of this wallet's ETHUSDT activity.
ETHUSDT,2026-02-01,ETHUSDT_00003703,aml_structuring,[Committee: ai_only_kept] | AI: aml_structuring (conf=0.88) | Potential structuring activity requiring further investigation.
ETHUSDT,2026-01-29,ETHUSDT_00003797,structuring,[Committee: ai_only_kept] | AI: structuring (conf=0.88) | Indicative of structuring; continue to watch for additional ETHUSDT buys.
ETHUSDT,2026-01-04,ETHUSDT_00003928,structuring,[Committee: ai_only_kept] | AI: structuring (conf=0.85) | Flag for potential structuring; review against other similar trades.
ETHUSDT,2026-01-16,ETHUSDT_00004005,spoofing,[Committee: rules_only_kept] | Rules: spoofing | Trade price outside 1m bar range; deviation from bar mid exceeds 35 bps — inconsistent with bar OHLC.
ETHUSDT,2026-01-23,ETHUSDT_00004008,ramping,[Committee: rules+ai] | Rules: spoofing | AI: ramping (conf=0.86) | Potential ramping activity; monitor for further directional buys.
ETHUSDT,2026-01-23,ETHUSDT_00004009,ramping,[Committee: all_three] | Rules: spoofing | AI: ramping (conf=0.86) | ML: ramping | Potential ramping activity; monitor for further directional buys.
ETHUSDT,2026-01-23,ETHUSDT_00004010,ramping,[Committee: all_three] | Rules: spoofing | AI: ramping (conf=0.86) | ML: ramping | Potential ramping activity; monitor for further directional buys.
ETHUSDT,2026-01-23,ETHUSDT_00004011,ramping,[Committee: all_three] | Rules: spoofing | AI: ramping (conf=0.86) | ML: ramping | Potential ramping activity; monitor for further directional buys.
ETHUSDT,2026-01-23,ETHUSDT_00004012,ramping,[Committee: all_three] | Rules: spoofing | AI: ramping (conf=0.86) | ML: ramping | Potential ramping activity; monitor for further directional buys.
ETHUSDT,2026-01-23,ETHUSDT_00004013,ramping,[Committee: rules+ai] | Rules: spoofing | AI: ramping (conf=0.86) | Potential ramping activity; monitor for further directional buys.
ETHUSDT,2026-02-03,ETHUSDT_00004015,structuring,[Committee: all_three] | Rules: spoofing | AI: structuring (conf=0.8) | ML: structuring | Follow‑up sell of ETHUSDT at similar price; possible structuring.
ETHUSDT,2026-02-03,ETHUSDT_00004016,structuring,[Committee: ai+ml] | AI: structuring (conf=0.78) | ML: structuring | Additional small ETHUSDT buy consistent with structuring behavior.
ETHUSDT,2026-02-03,ETHUSDT_00004019,spoofing,[Committee: rules+ml] | Rules: spoofing | ML: anomaly | Trade price outside 1m bar range; deviation from bar mid exceeds 35 bps — inconsistent with bar OHLC.
ETHUSDT,2026-02-10,ETHUSDT_00004021,spoofing,[Committee: rules+ml] | Rules: spoofing | ML: anomaly | Trade price outside 1m bar range; deviation from bar mid exceeds 35 bps — inconsistent with bar OHLC.
ETHUSDT,2026-02-10,ETHUSDT_00004022,spoofing,[Committee: rules+ml] | Rules: spoofing | ML: anomaly | Trade price outside 1m bar range; deviation from bar mid exceeds 35 bps — inconsistent with bar OHLC.
ETHUSDT,2026-02-17,ETHUSDT_00004025,aml_structuring,[Committee: all_three] | Rules: spoofing | AI: aml_structuring (conf=0.85) | ML: aml_structuring | Potential structuring activity requiring AML scrutiny due to anomalously high mid-bps on a tiny order.
ETHUSDT,2026-02-17,ETHUSDT_00004026,spoofing,[Committee: rules+ml] | Rules: spoofing | ML: anomaly | Trade price outside 1m bar range; deviation from bar mid exceeds 35 bps — inconsistent with bar OHLC.
ETHUSDT,2026-02-17,ETHUSDT_00004027,spoofing,[Committee: rules+ml] | Rules: spoofing | ML: anomaly | Trade price outside 1m bar range; deviation from bar mid exceeds 35 bps — inconsistent with bar OHLC.
ETHUSDT,2026-02-17,ETHUSDT_00004028,spoofing,[Committee: rules+ml] | Rules: spoofing | ML: anomaly | Trade price outside 1m bar range; deviation from bar mid exceeds 35 bps — inconsistent with bar OHLC.
ETHUSDT,2026-02-17,ETHUSDT_00004029,spoofing,[Committee: rules+ml] | Rules: spoofing | ML: anomaly | Trade price outside 1m bar range; deviation from bar mid exceeds 35 bps — inconsistent with bar OHLC.
ETHUSDT,2026-02-17,ETHUSDT_00004030,spoofing,[Committee: rules+ml] | Rules: spoofing | ML: anomaly | Trade price outside 1m bar range; deviation from bar mid exceeds 35 bps — inconsistent with bar OHLC.
ETHUSDT,2026-02-17,ETHUSDT_00004031,spoofing,[Committee: rules+ml] | Rules: spoofing | ML: anomaly | Trade price outside 1m bar range; deviation from bar mid exceeds 35 bps — inconsistent with bar OHLC.
LTCUSDT,2026-01-18,LTCUSDT_00000072,wash_trading,[Committee: rules+ai] | Rules: wash_trading | AI: wash_trading (conf=0.92) | Potential wash trading activity detected; further investigation recommended.
LTCUSDT,2026-02-03,LTCUSDT_00000748,structuring,[Committee: ai+ml] | AI: structuring (conf=0.72) | ML: structuring | Potential structuring; watch for continued repetitive trades.
LTCUSDT,2026-01-18,LTCUSDT_00000887,wash_trading,[Committee: rules+ai] | Rules: wash_trading | AI: wash_trading (conf=0.92) | Wash trading indicators present; monitor for coordinated activity.
LTCUSDT,2026-01-30,LTCUSDT_00000945,anomaly,[Committee: ai+ml] | AI: nan (conf=0.85) | ML: nan | This trade exhibits strong manipulative signals and requires immediate further investigation.
LTCUSDT,2026-01-31,LTCUSDT_00001083,structuring,[Committee: ai+ml] | AI: structuring (conf=0.7) | ML: structuring | Potential structuring; the trade size and timing merit further review.
LTCUSDT,2026-01-20,LTCUSDT_00001504,layering,[Committee: rules+ai] | Rules: spoofing | AI: layering (conf=0.88) | Potential layering activity; flagged for further review.
LTCUSDT,2026-01-20,LTCUSDT_00001505,layering,[Committee: rules+ai] | Rules: spoofing | AI: layering (conf=0.87) | Indicates possible layering; monitor for further orders.
LTCUSDT,2026-01-20,LTCUSDT_00001506,layering,[Committee: rules+ai] | Rules: spoofing | AI: layering (conf=0.86) | Layering pattern persists; flagged for surveillance.
LTCUSDT,2026-01-27,LTCUSDT_00001507,spoofing,[Committee: rules_only_kept] | Rules: spoofing | Trade price outside 1m bar range; deviation from bar mid exceeds 35 bps — inconsistent with bar OHLC.
LTCUSDT,2026-02-08,LTCUSDT_00001508,ramping,[Committee: ai+ml] | AI: ramping (conf=0.8) | ML: ramping | Potential ramping activity identified; further monitoring recommended.
LTCUSDT,2026-02-08,LTCUSDT_00001509,ramping,[Committee: ai+ml] | AI: ramping (conf=0.85) | ML: ramping | Incremental purchase at elevated price suggests possible ramping; warrants closer inspection.
LTCUSDT,2026-02-08,LTCUSDT_00001510,ramping,[Committee: ai+ml] | AI: ramping (conf=0.85) | ML: ramping | Continuation of upward pressure through small sell order; potential ramping behavior.
LTCUSDT,2026-02-08,LTCUSDT_00001511,ramping,[Committee: ai+ml] | AI: ramping (conf=0.85) | ML: ramping | Buy at peak price sustains price increase; indicative of possible ramping.
LTCUSDT,2026-02-08,LTCUSDT_00001512,ramping,[Committee: ai+ml] | AI: ramping (conf=0.9) | ML: ramping | High mid_bps with minimal volume at the highest price confirms ramping suspicion; requires escalated monitoring.
LTCUSDT,2026-02-15,LTCUSDT_00001513,ramping,[Committee: ai+ml] | AI: ramping (conf=0.78) | ML: ramping | Potential ramping activity detected; small buy orders with elevated price deviation merit further monitoring.
LTCUSDT,2026-02-15,LTCUSDT_00001514,ramping,[Committee: ai+ml] | AI: ramping (conf=0.8) | ML: ramping | Another small buy with extreme mid_bps suggests continued price manipulation attempts; flagged for ramping.
LTCUSDT,2026-02-15,LTCUSDT_00001515,ramping,[Committee: ai+ml] | AI: ramping (conf=0.77) | ML: ramping | Moderate mid_bps but still elevated; consistent with ramping pattern.
LTCUSDT,2026-02-15,LTCUSDT_00001517,ramping,"[Committee: ai+ml] | AI: ramping (conf=0.82) | ML: ramping | High mid_bps and low n_ratio persist, indicating ongoing ramping; further observation needed."
SOLUSDT,2026-01-28,SOLUSDT_00000001,wash_trading,[Committee: ai_only_kept] | AI: wash_trading (conf=0.9) | Suspicious repetitive sell; consider wash trading assessment.
SOLUSDT,2026-01-30,SOLUSDT_00000188,wash_trading,[Committee: ai_only_kept] | AI: wash_trading (conf=0.9) | Potential wash trading; require investigation.
SOLUSDT,2026-01-27,SOLUSDT_00000525,wash_trading,[Committee: ai_only_kept] | AI: wash_trading (conf=0.92) | Potential wash trading; flag for further review.
SOLUSDT,2026-01-29,SOLUSDT_00000530,wash_trading,[Committee: ai_only_kept] | AI: wash_trading (conf=0.91) | Possible wash trade; flag for compliance.
SOLUSDT,2026-01-31,SOLUSDT_00000963,wash_trading,[Committee: ai_only_kept] | AI: wash_trading (conf=0.91) | Suspicious sell; potential wash trading.
SOLUSDT,2026-02-01,SOLUSDT_00001436,wash_trading,[Committee: ai+ml] | AI: wash_trading (conf=0.89) | ML: wash_trading | Potential wash trading; flag for further analysis.
SOLUSDT,2026-02-01,SOLUSDT_00001545,wash_trading,[Committee: ai_only_kept] | AI: wash_trading (conf=0.9) | Suspicious activity; consider wash trading classification.
SOLUSDT,2026-01-30,SOLUSDT_00001698,wash_trading,[Committee: ai_only_kept] | AI: wash_trading (conf=0.87) | Suspicious buy; potential wash trading.
SOLUSDT,2026-01-31,SOLUSDT_00002234,wash_trading,[Committee: ai+ml] | AI: wash_trading (conf=0.94) | ML: wash_trading | Highly suspicious wash trade; immediate review recommended.
SOLUSDT,2026-01-28,SOLUSDT_00002443,wash_trading,[Committee: ai_only_kept] | AI: wash_trading (conf=0.88) | Potential wash trading activity; monitor.
SOLUSDT,2026-01-09,SOLUSDT_00002501,aml_structuring,[Committee: ai+ml] | AI: aml_structuring (conf=0.75) | ML: aml_structuring | Potential structuring activity; warrants closer scrutiny.
SOLUSDT,2026-01-09,SOLUSDT_00002502,aml_structuring,[Committee: ai+ml] | AI: aml_structuring (conf=0.75) | ML: aml_structuring | Possible structuring; requires further investigation.
SOLUSDT,2026-02-04,SOLUSDT_00002511,aml_structuring,[Committee: ai+ml] | AI: aml_structuring (conf=0.78) | ML: aml_structuring | Potential structuring activity detected; requires further investigation for possible AML evasion.
SOLUSDT,2026-02-04,SOLUSDT_00002515,aml_structuring,[Committee: ai+ml] | AI: aml_structuring (conf=0.78) | ML: aml_structuring | Potential structuring activity detected; requires further investigation for possible AML evasion.
SOLUSDT,2026-02-04,SOLUSDT_00002517,aml_structuring,[Committee: ai+ml] | AI: aml_structuring (conf=0.78) | ML: aml_structuring | Potential structuring activity detected; requires further investigation for possible AML evasion.
SOLUSDT,2026-02-11,SOLUSDT_00002518,aml_structuring,[Committee: rules+ai] | Rules: spoofing | AI: aml_structuring (conf=0.78) | Potential structuring activity; further monitoring of similar small‑notional trades is recommended.
SOLUSDT,2026-02-11,SOLUSDT_00002519,aml_structuring,[Committee: rules+ai] | Rules: spoofing | AI: aml_structuring (conf=0.78) | Exhibits characteristics consistent with structuring; should be flagged for additional review.
SOLUSDT,2026-02-18,SOLUSDT_00002520,aml_structuring,[Committee: ai_only_kept] | AI: aml_structuring (conf=0.88) | Potential structuring activity; recommend monitoring of this wallet for further small‑volume trades.
SOLUSDT,2026-02-18,SOLUSDT_00002522,aml_structuring,[Committee: ai_only_kept] | AI: aml_structuring (conf=0.9) | Indicates possible structuring; further surveillance of the wallet is advised.
SOLUSDT,2026-02-18,SOLUSDT_00002523,aml_structuring,[Committee: ai_only_kept] | AI: aml_structuring (conf=0.89) | Suggests structuring; monitor for additional low‑value trades from this source.
SOLUSDT,2026-02-18,SOLUSDT_00002524,aml_structuring,[Committee: ai_only_kept] | AI: aml_structuring (conf=0.87) | Potential structuring pattern; recommend heightened observation of this wallet.
SOLUSDT,2026-02-18,SOLUSDT_00002525,aml_structuring,[Committee: ai_only_kept] | AI: aml_structuring (conf=0.89) | Shows signs of structuring; further tracking of this wallet is warranted.
SOLUSDT,2026-02-18,SOLUSDT_00002526,aml_structuring,[Committee: ai_only_kept] | AI: aml_structuring (conf=0.88) | Potential structuring activity; monitor for continued low‑volume trades.
SOLUSDT,2026-02-18,SOLUSDT_00002527,aml_structuring,[Committee: ai_only_kept] | AI: aml_structuring (conf=0.88) | Indicates possible structuring; recommend continued monitoring of this wallet.
USDCUSDT,2026-01-14,USDCUSDT_00001001,peg_break,[Committee: rules+ml] | Rules: peg_break | ML: anomaly | USDCUSDT stablecoin trade with |price-1|/1 > 0.5% (0.5697% from peg).
USDCUSDT,2026-02-02,USDCUSDT_00001010,peg_manipulation,[Committee: all_three] | Rules: peg_break | AI: peg_manipulation (conf=0.78) | ML: peg_manipulation | Potential peg manipulation; further monitoring of similar deviations is recommended.
USDCUSDT,2026-02-09,USDCUSDT_00001011,peg_break,[Committee: rules+ml] | Rules: peg_break | ML: anomaly | USDCUSDT stablecoin trade with |price-1|/1 > 0.5% (1.2164% from peg).
XRPUSDT,2026-01-10,XRPUSDT_00002502,structuring,[Committee: ai+ml] | AI: structuring (conf=0.84) | ML: structuring | Trade exhibits potential structuring; flag for further review.
XRPUSDT,2026-01-10,XRPUSDT_00002504,structuring,[Committee: ai+ml] | AI: structuring (conf=0.79) | ML: structuring | Trade suggests structuring; escalate for compliance review.
XRPUSDT,2026-01-10,XRPUSDT_00002505,structuring,[Committee: all_three] | Rules: spoofing | AI: structuring (conf=0.77) | ML: structuring | Trade displays structuring traits; flag for further analysis.
XRPUSDT,2026-01-18,XRPUSDT_00002509,spoofing,[Committee: rules+ml] | Rules: spoofing | ML: anomaly | Trade price outside 1m bar range; deviation from bar mid exceeds 35 bps — inconsistent with bar OHLC.
XRPUSDT,2026-01-25,XRPUSDT_00002518,spoofing,[Committee: rules+ml] | Rules: spoofing | ML: anomaly | Trade price outside 1m bar range; deviation from bar mid exceeds 35 bps — inconsistent with bar OHLC.
XRPUSDT,2026-01-30,XRPUSDT_00002519,structuring,[Committee: all_three] | Rules: spoofing | AI: structuring (conf=0.78) | ML: structuring | Potential structuring activity detected; small notional purchase amid similar trades warrants further review.
XRPUSDT,2026-01-30,XRPUSDT_00002520,structuring,[Committee: all_three] | Rules: spoofing | AI: structuring (conf=0.79) | ML: structuring | Offsetting sell after a similar buy may indicate structuring to evade detection.
XRPUSDT,2026-01-30,XRPUSDT_00002521,structuring,[Committee: all_three] | Rules: spoofing | AI: structuring (conf=0.77) | ML: structuring | Repeated near‑price buys suggest possible structuring of transaction volume.
XRPUSDT,2026-01-30,XRPUSDT_00002522,structuring,[Committee: all_three] | Rules: spoofing | AI: structuring (conf=0.78) | ML: structuring | Subsequent sell at slightly higher price consistent with structuring behavior.
XRPUSDT,2026-01-30,XRPUSDT_00002523,structuring,[Committee: ai+ml] | AI: structuring (conf=0.76) | ML: structuring | Additional purchase at similar price reinforces suspicion of structuring.
XRPUSDT,2026-02-06,XRPUSDT_00002525,spoofing,[Committee: rules+ml] | Rules: spoofing | ML: anomaly | Trade price outside 1m bar range; deviation from bar mid exceeds 35 bps — inconsistent with bar OHLC.
XRPUSDT,2026-02-06,XRPUSDT_00002526,spoofing,[Committee: rules+ml] | Rules: spoofing | ML: anomaly | Trade price outside 1m bar range; deviation from bar mid exceeds 35 bps — inconsistent with bar OHLC.
XRPUSDT,2026-02-06,XRPUSDT_00002527,spoofing,[Committee: rules+ml] | Rules: spoofing | ML: anomaly | Trade price outside 1m bar range; deviation from bar mid exceeds 35 bps — inconsistent with bar OHLC.
XRPUSDT,2026-02-06,XRPUSDT_00002528,spoofing,[Committee: rules+ml] | Rules: spoofing | ML: anomaly | Trade price outside 1m bar range; deviation from bar mid exceeds 35 bps — inconsistent with bar OHLC.
XRPUSDT,2026-02-06,XRPUSDT_00002529,spoofing,[Committee: rules+ml] | Rules: spoofing | ML: anomaly | Trade price outside 1m bar range; deviation from bar mid exceeds 35 bps — inconsistent with bar OHLC.
XRPUSDT,2026-02-06,XRPUSDT_00002530,spoofing,[Committee: rules+ml] | Rules: spoofing | ML: anomaly | Trade price outside 1m bar range; deviation from bar mid exceeds 35 bps — inconsistent with bar OHLC.
XRPUSDT,2026-02-06,XRPUSDT_00002531,spoofing,[Committee: rules+ml] | Rules: spoofing | ML: anomaly | Trade price outside 1m bar range; deviation from bar mid exceeds 35 bps — inconsistent with bar OHLC.
XRPUSDT,2026-02-06,XRPUSDT_00002532,spoofing,[Committee: rules+ml] | Rules: spoofing | ML: anomaly | Trade price outside 1m bar range; deviation from bar mid exceeds 35 bps — inconsistent with bar OHLC.
XRPUSDT,2026-02-13,XRPUSDT_00002534,wash_trading,[Committee: ai_only_kept] | AI: wash_trading (conf=0.85) | Potential wash trade – circular buy‑sell of minimal size.
XRPUSDT,2026-02-20,XRPUSDT_00002535,spoofing,[Committee: rules_only_kept] | Rules: spoofing | Trade price outside 1m bar range; deviation from bar mid exceeds 35 bps — inconsistent with bar OHLC.
